mysql> select * from medusa_channel_subject_play_info where day='2017-03-12' order by channel_name;
+------+------------+--------------+----------+-----------+
| id   | day        | channel_name | play_num | play_user |
+------+------------+--------------+----------+-----------+
| 4672 | 2017-03-12 | NULL         |   139673 |     23605 |
| 4677 | 2017-03-12 | 体育         |   270677 |     71099 |
| 4673 | 2017-03-12 | 动漫         |  2321161 |    231514 |
| 4675 | 2017-03-12 | 少儿         |  5687619 |    422636 |
| 4680 | 2017-03-12 | 电影         |   852168 |    259482 |
| 4674 | 2017-03-12 | 电视         |   585759 |    120772 |
| 4676 | 2017-03-12 | 纪实         |    72303 |     15399 |
| 4679 | 2017-03-12 | 综艺         |   516466 |    118729 |
| 4678 | 2017-03-12 | 资讯短片     |  7800563 |    705301 |
+------+------------+--------------+----------+-----------+
9 rows in set (0.00 sec)

mysql> select sum(play_num) from medusa_channel_subject_play_info where day='2017-03-12';
+---------------+
| sum(play_num) |
+---------------+
|      18246389 |
+---------------+
1 row in set (0.00 sec)

mysql> select sum(play_num) from medusa_channel_subject_play_info where day='2017-03-12' and channel_name!='NULL';
+---------------+
| sum(play_num) |
+---------------+
|      18106716 |
+---------------+
1 row in set (0.00 sec)





